source_iri,attribute_text,retrieval_source,num_retrieved,predicted_iri,predicted_score,num_scored,top1_iri,top1_score,top2_iri,top2_score,top3_iri,top3_score,top4_iri,top4_score,top5_iri,top5_score,top6_iri,top6_score,top7_iri,top7_score,top8_iri,top8_score,top9_iri,top9_score,top10_iri,top10_score,top11_iri,top11_score,top12_iri,top12_score,top13_iri,top13_score,top14_iri,top14_score,top15_iri,top15_score,top16_iri,top16_score,top17_iri,top17_score,top18_iri,top18_score,top19_iri,top19_score,top20_iri,top20_score
http://sweetontology.net/matrPlant/Canopy,label: Canopy; parents: sub class of vegetation,exact,1,http://purl.obolibrary.org/obo/ENVO_01001242,1.0,0,,,,,,,,,,,,,,,,,,,,,,,,,,,,,,,,,,,,,,,,
http://sweetontology.net/reprSciComponent/Sink,label: Sink; parents: sub class of reservoir | sub class of storage,exact,2,http://purl.obolibrary.org/obo/ENVO_00000195,1.0,0,,,,,,,,,,,,,,,,,,,,,,,,,,,,,,,,,,,,,,,,
http://sweetontology.net/matrOrganicCompound/MethaneHydrate,label: MethaneHydrate; parents: sub class of clathrate hydrate | sub class of gas hydrate,hybrid,98,http://purl.obolibrary.org/obo/ENVO_01000851,0.9979482293128967,98,http://purl.obolibrary.org/obo/ENVO_01000851,0.9979482293128967,http://purl.obolibrary.org/obo/ENVO_00002063,0.9956346154212952,http://purl.obolibrary.org/obo/ENVO_01001139,0.9896520972251892,http://purl.obolibrary.org/obo/ENVO_03000088,0.9873375296592712,http://purl.obolibrary.org/obo/CHEBI_16183,0.9583858847618103,http://purl.obolibrary.org/obo/ENVO_03000089,0.9018253684043884,http://purl.obolibrary.org/obo/ENVO_01000263,0.8944690227508545,http://purl.obolibrary.org/obo/ENVO_03000094,0.3427848815917969,http://purl.obolibrary.org/obo/ENVO_00000167,0.02216869778931141,http://purl.obolibrary.org/obo/ENVO_03000083,0.020314661785960197,http://purl.obolibrary.org/obo/ENVO_3100020,0.015979105606675148,http://purl.obolibrary.org/obo/ENVO_00000004,0.013820824213325977,http://purl.obolibrary.org/obo/ENVO_03000091,0.01332993246614933,http://purl.obolibrary.org/obo/CHEBI_27594,0.008260883390903473,http://purl.obolibrary.org/obo/CHEBI_25555,0.00817619264125824,http://purl.obolibrary.org/obo/NCBITaxon_131567,0.006921848747879267,http://purl.obolibrary.org/obo/NCBITaxon_9606,0.006855108309537172,http://purl.obolibrary.org/obo/ENVO_00000121,0.006635867990553379,http://purl.obolibrary.org/obo/CHEBI_16136,0.006384393200278282,http://purl.obolibrary.org/obo/ENVO_00002206,0.006210753228515387
http://sweetontology.net/realmLandform/Field,label: Field; parents: sub class of landform,exact,2,http://purl.obolibrary.org/obo/ENVO_00000114,1.0,0,,,,,,,,,,,,,,,,,,,,,,,,,,,,,,,,,,,,,,,,
http://sweetontology.net/realm/Hydrosphere,label: Hydrosphere; parents: sub class of planetary realm,exact,1,http://purl.obolibrary.org/obo/ENVO_01000819,1.0,0,,,,,,,,,,,,,,,,,,,,,,,,,,,,,,,,,,,,,,,,
http://sweetontology.net/realmLandOrographic/Pass,label: Pass; parents: sub class of mountain region,exact,1,http://purl.obolibrary.org/obo/ENVO_00000084,1.0,0,,,,,,,,,,,,,,,,,,,,,,,,,,,,,,,,,,,,,,,,
http://sweetontology.net/realmAtmoBoundaryLayer/AtmosphericBoundaryLayer,label: AtmosphericBoundaryLayer; parents: sub class of atmosphere layer; equivalent to: equivalent to boundary layer,hybrid,104,http://purl.obolibrary.org/obo/ENVO_01000537,0.9978844523429871,100,http://purl.obolibrary.org/obo/ENVO_01000537,0.9978844523429871,http://purl.obolibrary.org/obo/ENVO_01000543,0.9978733062744141,http://purl.obolibrary.org/obo/ENVO_01000898,0.9978330731391907,http://purl.obolibrary.org/obo/ENVO_01000793,0.9978260397911072,http://purl.obolibrary.org/obo/ENVO_01001362,0.9978237152099609,http://purl.obolibrary.org/obo/ENVO_01000323,0.9978058934211731,http://purl.obolibrary.org/obo/ENVO_01000675,0.9976104497909546,http://purl.obolibrary.org/obo/ENVO_01000877,0.997379720211029,http://purl.obolibrary.org/obo/ENVO_01001085,0.9972023963928223,http://purl.obolibrary.org/obo/ENVO_01000729,0.9970636963844299,http://purl.obolibrary.org/obo/ENVO_01001399,0.9970555305480957,http://purl.obolibrary.org/obo/ENVO_01000300,0.9969140291213989,http://purl.obolibrary.org/obo/ENVO_01001299,0.9964350461959839,http://purl.obolibrary.org/obo/ENVO_01001079,0.9942547678947449,http://purl.obolibrary.org/obo/ENVO_01000268,0.9939551949501038,http://purl.obolibrary.org/obo/ENVO_01000451,0.9935126900672913,http://purl.obolibrary.org/obo/ENVO_09200003,0.9931943416595459,http://purl.obolibrary.org/obo/ENVO_01001365,0.9902030229568481,http://purl.obolibrary.org/obo/ENVO_01001373,0.9896600246429443,http://purl.obolibrary.org/obo/ENVO_01001361,0.9873476028442383
http://sweetontology.net/phenGeolGeomorphology/Slide,label: Slide; parents: sub class of material displacement | sub class of phenomena,exact,1,http://purl.obolibrary.org/obo/ENVO_00000520,1.0,0,,,,,,,,,,,,,,,,,,,,,,,,,,,,,,,,,,,,,,,,
http://sweetontology.net/matrSediment/MarineSediment,label: MarineSediment; parents: sub class of sediment,hybrid,146,http://purl.obolibrary.org/obo/ENVO_00000298,0.9979296922683716,100,http://purl.obolibrary.org/obo/ENVO_00000298,0.9979296922683716,http://purl.obolibrary.org/obo/ENVO_00000421,0.9978845715522766,http://purl.obolibrary.org/obo/ENVO_00000209,0.9978479146957397,http://purl.obolibrary.org/obo/ENVO_00000210,0.9978437423706055,http://purl.obolibrary.org/obo/ENVO_01001376,0.997841477394104,http://purl.obolibrary.org/obo/ENVO_00000369,0.9977656602859497,http://purl.obolibrary.org/obo/ENVO_03000033,0.9977477192878723,http://purl.obolibrary.org/obo/ENVO_01000124,0.9976871013641357,http://purl.obolibrary.org/obo/ENVO_03000034,0.997653067111969,http://purl.obolibrary.org/obo/ENVO_01000057,0.9976195693016052,http://purl.obolibrary.org/obo/ENVO_01000024,0.997492790222168,http://purl.obolibrary.org/obo/ENVO_01000067,0.997478187084198,http://purl.obolibrary.org/obo/ENVO_01000049,0.9974353909492493,http://purl.obolibrary.org/obo/ENVO_01000410,0.9973992109298706,http://purl.obolibrary.org/obo/ENVO_00000212,0.9973393082618713,http://purl.obolibrary.org/obo/ENVO_01000105,0.997289776802063,http://purl.obolibrary.org/obo/ENVO_01000029,0.9972585439682007,http://purl.obolibrary.org/obo/ENVO_01000066,0.9972484707832336,http://purl.obolibrary.org/obo/ENVO_00005795,0.997168242931366,http://purl.obolibrary.org/obo/ENVO_01000099,0.997164785861969
http://sweetontology.net/realmCryo/TabularIceberg,label: TabularIceberg; parents: sub class of iceberg,hybrid,85,http://purl.obolibrary.org/obo/ENVO_01001534,0.9977450966835022,85,http://purl.obolibrary.org/obo/ENVO_01001534,0.9977450966835022,http://purl.obolibrary.org/obo/ENVO_00000087,0.34128618240356445,http://purl.obolibrary.org/obo/ENVO_00000298,0.049953509122133255,http://purl.obolibrary.org/obo/ENVO_03000031,0.044104304164648056,http://purl.obolibrary.org/obo/ENVO_01001546,0.03353415057063103,http://purl.obolibrary.org/obo/ENVO_03000032,0.03195769712328911,http://purl.obolibrary.org/obo/ENVO_00000299,0.030974147841334343,http://purl.obolibrary.org/obo/ENVO_00000477,0.029067790135741234,http://purl.obolibrary.org/obo/ENVO_00000432,0.019053220748901367,http://purl.obolibrary.org/obo/ENVO_00000131,0.015510700643062592,http://purl.obolibrary.org/obo/ENVO_00000089,0.00703450758010149,http://purl.obolibrary.org/obo/ENVO_00003072,0.0065102968364953995,http://purl.obolibrary.org/obo/ENVO_01000693,0.0051201037131249905,http://purl.obolibrary.org/obo/ENVO_01000095,0.0051063187420368195,http://purl.obolibrary.org/obo/ENVO_01001239,0.005099160131067038,http://purl.obolibrary.org/obo/ENVO_00012411,0.00509194191545248,http://purl.obolibrary.org/obo/ENVO_00003055,0.005083248019218445,http://purl.obolibrary.org/obo/ENVO_00003054,0.005081382114440203,http://purl.obolibrary.org/obo/ENVO_01000002,0.005070121958851814,http://purl.obolibrary.org/obo/ENVO_00003898,0.005068760830909014
http://sweetontology.net/phenAtmoPressure/AtmosphericLowPressure,label: AtmosphericLowPressure; parents: sub class of atmospheric phenomena | sub class of low pressure,hybrid,102,http://purl.obolibrary.org/obo/ENVO_01000793,0.9943948984146118,100,http://purl.obolibrary.org/obo/ENVO_01000793,0.9943948984146118,http://purl.obolibrary.org/obo/ENVO_01000675,0.9936879277229309,http://purl.obolibrary.org/obo/ENVO_01000898,0.9748305678367615,http://purl.obolibrary.org/obo/ENVO_01000543,0.22017762064933777,http://purl.obolibrary.org/obo/ENVO_01000537,0.14051342010498047,http://purl.obolibrary.org/obo/ENVO_01001362,0.07353755831718445,http://purl.obolibrary.org/obo/ENVO_01000323,0.05662859231233597,http://purl.obolibrary.org/obo/ENVO_01000877,0.05124131962656975,http://purl.obolibrary.org/obo/ENVO_01000635,0.0366356261074543,http://purl.obolibrary.org/obo/ENVO_01000729,0.031534042209386826,http://purl.obolibrary.org/obo/ENVO_01001299,0.029504692181944847,http://purl.obolibrary.org/obo/ENVO_01001085,0.028811465948820114,http://purl.obolibrary.org/obo/ENVO_01001399,0.022752927616238594,http://purl.obolibrary.org/obo/ENVO_01000300,0.021004820242524147,http://purl.obolibrary.org/obo/ENVO_01000795,0.01826729252934456,http://purl.obolibrary.org/obo/ENVO_01000268,0.015337750315666199,http://purl.obolibrary.org/obo/ENVO_01001079,0.01516988966614008,http://purl.obolibrary.org/obo/CHEBI_25555,0.013757910579442978,http://purl.obolibrary.org/obo/ENVO_01001373,0.012767359614372253,http://purl.obolibrary.org/obo/ENVO_01001365,0.011851908639073372
http://sweetontology.net/realmLandFluvial/Sabkha,label: Sabkha; parents: sub class of salt flat,exact,1,http://purl.obolibrary.org/obo/ENVO_00000151,1.0,0,,,,,,,,,,,,,,,,,,,,,,,,,,,,,,,,,,,,,,,,
http://sweetontology.net/realmHydro/UndergroundWater,label: UndergroundWater; parents: sub class of groundwater,hybrid,92,http://purl.obolibrary.org/obo/ENVO_00005792,0.997871994972229,92,http://purl.obolibrary.org/obo/ENVO_00005792,0.997871994972229,http://purl.obolibrary.org/obo/ENVO_00000505,0.9978431463241577,http://purl.obolibrary.org/obo/ENVO_00000058,0.9978348612785339,http://purl.obolibrary.org/obo/ENVO_00000061,0.9978173971176147,http://purl.obolibrary.org/obo/ENVO_00000059,0.9975836277008057,http://purl.obolibrary.org/obo/ENVO_00000060,0.9974628686904907,http://purl.obolibrary.org/obo/ENVO_00000153,0.9933479428291321,http://purl.obolibrary.org/obo/ENVO_00000572,0.9889983534812927,http://purl.obolibrary.org/obo/ENVO_00002184,0.9284332394599915,http://purl.obolibrary.org/obo/ENVO_01001267,0.28928476572036743,http://purl.obolibrary.org/obo/ENVO_00000472,0.09701754152774811,http://purl.obolibrary.org/obo/ENVO_01001209,0.04164363816380501,http://purl.obolibrary.org/obo/ENVO_01000722,0.018060268834233284,http://purl.obolibrary.org/obo/ENVO_00002185,0.01611940562725067,http://purl.obolibrary.org/obo/ENVO_01001270,0.013444038107991219,http://purl.obolibrary.org/obo/ENVO_01001268,0.012336693704128265,http://purl.obolibrary.org/obo/ENVO_00000121,0.008973529562354088,http://purl.obolibrary.org/obo/ENVO_00000888,0.0086302999407053,http://purl.obolibrary.org/obo/ENVO_01000600,0.008165481500327587,http://purl.obolibrary.org/obo/ENVO_00000089,0.007289160043001175
http://sweetontology.net/propEnergy/PotentialEnergy,label: PotentialEnergy; parents: sub class of energy,hybrid,77,http://purl.obolibrary.org/obo/ENVO_2000016,0.9972347617149353,77,http://purl.obolibrary.org/obo/ENVO_2000016,0.9972347617149353,http://purl.obolibrary.org/obo/ENVO_2000015,0.8470785617828369,http://purl.obolibrary.org/obo/ENVO_2000018,0.006992022972553968,http://purl.obolibrary.org/obo/ENVO_01000652,0.005052612163126469,http://purl.obolibrary.org/obo/ENVO_01000002,0.005049027036875486,http://purl.obolibrary.org/obo/ENVO_00002118,0.0050112782046198845,http://purl.obolibrary.org/obo/ENVO_00012411,0.004997933283448219,http://purl.obolibrary.org/obo/ENVO_00000534,0.004993008449673653,http://purl.obolibrary.org/obo/ENVO_01000003,0.00498920539394021,http://purl.obolibrary.org/obo/ENVO_2000034,0.004979535471647978,http://purl.obolibrary.org/obo/ENVO_00005739,0.004967262502759695,http://purl.obolibrary.org/obo/ENVO_00002983,0.0049629113636910915,http://purl.obolibrary.org/obo/ENVO_01000085,0.004959194455295801,http://purl.obolibrary.org/obo/ENVO_00003096,0.004955454729497433,http://purl.obolibrary.org/obo/ENVO_00005794,0.0049546388909220695,http://purl.obolibrary.org/obo/ENVO_00005799,0.004944993648678064,http://purl.obolibrary.org/obo/ENVO_00000541,0.004922110587358475,http://purl.obolibrary.org/obo/ENVO_00002158,0.0049092755652964115,http://purl.obolibrary.org/obo/ENVO_00002171,0.004907617345452309,http://purl.obolibrary.org/obo/ENVO_00003080,0.0049065835773944855
http://sweetontology.net/phenAtmoPrecipitation/Storm,label: Storm; parents: sub class of atmospheric precipitation,exact,1,http://purl.obolibrary.org/obo/ENVO_01000876,1.0,0,,,,,,,,,,,,,,,,,,,,,,,,,,,,,,,,,,,,,,,,
http://sweetontology.net/realmGeol/Dike,label: Dike; parents: sub class of plutonic structure,exact,2,http://purl.obolibrary.org/obo/ENVO_00000178,1.0,0,,,,,,,,,,,,,,,,,,,,,,,,,,,,,,,,,,,,,,,,
http://sweetontology.net/realmHydroBody/Marsh,label: Marsh; parents: sub class of wetland,exact,3,http://purl.obolibrary.org/obo/ENVO_00000035,1.0,0,,,,,,,,,,,,,,,,,,,,,,,,,,,,,,,,,,,,,,,,
http://sweetontology.net/realmHydroBody/Bog,label: Bog; parents: sub class of wetland,exact,5,http://purl.obolibrary.org/obo/ENVO_00000044,1.0,0,,,,,,,,,,,,,,,,,,,,,,,,,,,,,,,,,,,,,,,,
http://sweetontology.net/realmCryo/Glacier,label: Glacier; parents: sub class of ice,exact,1,http://purl.obolibrary.org/obo/ENVO_00000133,1.0,0,,,,,,,,,,,,,,,,,,,,,,,,,,,,,,,,,,,,,,,,
http://sweetontology.net/phenGeolVolcano/VolcanicEruption,label: VolcanicEruption; parents: sub class of volcanic activity | sub class of volcanic phenomena | sub class of eruption,hybrid,140,http://purl.obolibrary.org/obo/ENVO_00000498,0.9979242086410522,100,http://purl.obolibrary.org/obo/ENVO_00000498,0.9979242086410522,http://purl.obolibrary.org/obo/ENVO_00000408,0.9979215264320374,http://purl.obolibrary.org/obo/ENVO_00000398,0.9979144930839539,http://purl.obolibrary.org/obo/ENVO_01000634,0.9974873065948486,http://purl.obolibrary.org/obo/ENVO_01000701,0.9965581297874451,http://purl.obolibrary.org/obo/ENVO_00000351,0.9963486194610596,http://purl.obolibrary.org/obo/ENVO_00000354,0.9960581064224243,http://purl.obolibrary.org/obo/ENVO_00000246,0.9919295310974121,http://purl.obolibrary.org/obo/ENVO_00000094,0.9897013902664185,http://purl.obolibrary.org/obo/ENVO_01001354,0.9769026041030884,http://purl.obolibrary.org/obo/ENVO_00000322,0.5827150344848633,http://purl.obolibrary.org/obo/ENVO_00002015,0.5521664619445801,http://purl.obolibrary.org/obo/ENVO_00000222,0.12989602982997894,http://purl.obolibrary.org/obo/ENVO_01001102,0.07717809081077576,http://purl.obolibrary.org/obo/ENVO_00000132,0.05698958411812782,http://purl.obolibrary.org/obo/ENVO_01000450,0.049063969403505325,http://purl.obolibrary.org/obo/ENVO_01000992,0.03844085708260536,http://purl.obolibrary.org/obo/ENVO_01001484,0.03796816244721413,http://purl.obolibrary.org/obo/ENVO_03000032,0.03650129586458206,http://purl.obolibrary.org/obo/ENVO_03000031,0.03432160243391991
http://sweetontology.net/realmOceanFloor/AbyssalHill,label: AbyssalHill; parents: sub class of hill | sub class of ocean floor | sub class of sea floor | sub class of seabed,exact,1,http://purl.obolibrary.org/obo/ENVO_00000190,1.0,0,,,,,,,,,,,,,,,,,,,,,,,,,,,,,,,,,,,,,,,,
http://sweetontology.net/matrWater/Groundwater,label: Groundwater; parents: sub class of liquid water,exact,1,http://purl.obolibrary.org/obo/ENVO_01001004,1.0,0,,,,,,,,,,,,,,,,,,,,,,,,,,,,,,,,,,,,,,,,
http://sweetontology.net/matrAerosol/PM10,label: PM10; parents: sub class of particulate,exact,1,http://purl.obolibrary.org/obo/ENVO_01000405,1.0,0,,,,,,,,,,,,,,,,,,,,,,,,,,,,,,,,,,,,,,,,
http://sweetontology.net/phenGeolTectonic/ContinenetalDrift,label: ContinenetalDrift; parents: sub class of tectonic phenomena,hybrid,82,http://purl.obolibrary.org/obo/ENVO_03000112,0.028095945715904236,82,http://purl.obolibrary.org/obo/ENVO_03000112,0.028095945715904236,http://purl.obolibrary.org/obo/ENVO_00000436,0.02349330671131611,http://purl.obolibrary.org/obo/ENVO_00000089,0.008398025296628475,http://purl.obolibrary.org/obo/ENVO_00000462,0.007616562768816948,http://purl.obolibrary.org/obo/ENVO_00002180,0.005341142416000366,http://purl.obolibrary.org/obo/CHEBI_16482,0.005241876468062401,http://purl.obolibrary.org/obo/ENVO_01000097,0.005228796508163214,http://purl.obolibrary.org/obo/ENVO_00003011,0.005218754056841135,http://purl.obolibrary.org/obo/ENVO_00002991,0.0051812585443258286,http://purl.obolibrary.org/obo/ENVO_00002996,0.005144816357642412,http://purl.obolibrary.org/obo/CHEBI_27338,0.005141793750226498,http://purl.obolibrary.org/obo/ENVO_01000693,0.005127770360559225,http://purl.obolibrary.org/obo/ENVO_00000049,0.0051001496613025665,http://purl.obolibrary.org/obo/ENVO_01000088,0.005092053208500147,http://purl.obolibrary.org/obo/ENVO_00005806,0.005090579856187105,http://purl.obolibrary.org/obo/ENVO_01000095,0.0050836242735385895,http://purl.obolibrary.org/obo/ENVO_00000466,0.00508347200229764,http://purl.obolibrary.org/obo/ENVO_00003059,0.0050719380378723145,http://purl.obolibrary.org/obo/ENVO_01000084,0.005071642342954874,http://purl.obolibrary.org/obo/ENVO_02500017,0.005068717524409294
http://sweetontology.net/matrEquipment/Well,label: Well; parents: sub class of equipment,exact,1,http://purl.obolibrary.org/obo/ENVO_00000026,1.0,0,,,,,,,,,,,,,,,,,,,,,,,,,,,,,,,,,,,,,,,,
http://sweetontology.net/realmCryo/IceSheet,label: IceSheet; parents: sub class of glacier,exact,1,http://purl.obolibrary.org/obo/ENVO_00000299,1.0,0,,,,,,,,,,,,,,,,,,,,,,,,,,,,,,,,,,,,,,,,
http://sweetontology.net/realmLandFluvial/Valley,label: Valley; parents: sub class of fluvial landform,exact,7,http://purl.obolibrary.org/obo/ENVO_00000100,1.0,0,,,,,,,,,,,,,,,,,,,,,,,,,,,,,,,,,,,,,,,,
http://sweetontology.net/realmCryo/FrazilIce,label: FrazilIce; parents: sub class of sea ice,hybrid,146,http://purl.obolibrary.org/obo/ENVO_01001523,0.9978540539741516,100,http://purl.obolibrary.org/obo/ENVO_01001523,0.9978540539741516,http://purl.obolibrary.org/obo/ENVO_03000047,0.9974594712257385,http://purl.obolibrary.org/obo/ENVO_03000046,0.9973267316818237,http://purl.obolibrary.org/obo/ENVO_00002003,0.2705986797809601,http://purl.obolibrary.org/obo/ENVO_00002257,0.01802384853363037,http://purl.obolibrary.org/obo/ENVO_01000190,0.01445492822676897,http://purl.obolibrary.org/obo/ENVO_01000112,0.014056706801056862,http://purl.obolibrary.org/obo/ENVO_00000089,0.008617624640464783,http://purl.obolibrary.org/obo/ENVO_00002190,0.008416367694735527,http://purl.obolibrary.org/obo/ENVO_01000042,0.008095127530395985,http://purl.obolibrary.org/obo/ENVO_3100002,0.007932836189866066,http://purl.obolibrary.org/obo/ENVO_01000039,0.006649076007306576,http://purl.obolibrary.org/obo/ENVO_01000029,0.006494509521871805,http://purl.obolibrary.org/obo/ENVO_01000758,0.0064901914447546005,http://purl.obolibrary.org/obo/ENVO_01000218,0.006366278510540724,http://purl.obolibrary.org/obo/ENVO_0010009,0.006227775942534208,http://purl.obolibrary.org/obo/ENVO_01001232,0.0061247693374753,http://purl.obolibrary.org/obo/ENVO_00000138,0.0058939456939697266,http://purl.obolibrary.org/obo/ENVO_01000693,0.0053709582425653934,http://purl.obolibrary.org/obo/ENVO_01000695,0.005370904691517353
http://sweetontology.net/realmOceanFloor/ContinentalSlope,label: ContinentalSlope; parents: sub class of ocean floor | sub class of sea floor | sub class of seabed,hybrid,94,http://purl.obolibrary.org/obo/ENVO_00000132,0.9979312419891357,94,http://purl.obolibrary.org/obo/ENVO_00000132,0.9979312419891357,http://purl.obolibrary.org/obo/ENVO_00000223,0.9978594183921814,http://purl.obolibrary.org/obo/ENVO_00000274,0.9978154897689819,http://purl.obolibrary.org/obo/ENVO_01000748,0.9977485537528992,http://purl.obolibrary.org/obo/ENVO_00000293,0.9976721405982971,http://purl.obolibrary.org/obo/ENVO_00000273,0.9976239800453186,http://purl.obolibrary.org/obo/ENVO_01000298,0.9976112842559814,http://purl.obolibrary.org/obo/ENVO_01000942,0.9976047277450562,http://purl.obolibrary.org/obo/ENVO_00000352,0.9975619316101074,http://purl.obolibrary.org/obo/ENVO_01000381,0.9975541234016418,http://purl.obolibrary.org/obo/ENVO_00000221,0.996626615524292,http://purl.obolibrary.org/obo/ENVO_00002997,0.9113699197769165,http://purl.obolibrary.org/obo/ENVO_00003011,0.4593196511268616,http://purl.obolibrary.org/obo/ENVO_00003010,0.27677974104881287,http://purl.obolibrary.org/obo/ENVO_00003013,0.2505671977996826,http://purl.obolibrary.org/obo/ENVO_00003008,0.09541366994380951,http://purl.obolibrary.org/obo/ENVO_01000691,0.06063248589634895,http://purl.obolibrary.org/obo/ENVO_00000342,0.03432142734527588,http://purl.obolibrary.org/obo/ENVO_01000493,0.018516169860959053,http://purl.obolibrary.org/obo/ENVO_00002036,0.01453338097780943
http://sweetontology.net/realmLandFluvial/RiverBed,label: RiverBed; parents: sub class of bedform,hybrid,107,http://purl.obolibrary.org/obo/ENVO_01001344,0.9978444576263428,100,http://purl.obolibrary.org/obo/ENVO_01001344,0.9978444576263428,http://purl.obolibrary.org/obo/ENVO_00000423,0.9978389143943787,http://purl.obolibrary.org/obo/ENVO_00000143,0.9978304505348206,http://purl.obolibrary.org/obo/ENVO_00000418,0.9978094696998596,http://purl.obolibrary.org/obo/ENVO_00000384,0.9977694749832153,http://purl.obolibrary.org/obo/ENVO_00000022,0.9977655410766602,http://purl.obolibrary.org/obo/ENVO_01001337,0.9977145195007324,http://purl.obolibrary.org/obo/ENVO_00000386,0.9976077079772949,http://purl.obolibrary.org/obo/ENVO_00000517,0.9975437521934509,http://purl.obolibrary.org/obo/ENVO_01000979,0.9972050786018372,http://purl.obolibrary.org/obo/ENVO_01001329,0.9971877932548523,http://purl.obolibrary.org/obo/ENVO_01000708,0.9971796274185181,http://purl.obolibrary.org/obo/ENVO_00000171,0.9971779584884644,http://purl.obolibrary.org/obo/ENVO_01001317,0.9970320463180542,http://purl.obolibrary.org/obo/ENVO_01001325,0.9967496395111084,http://purl.obolibrary.org/obo/ENVO_01000712,0.996697187423706,http://purl.obolibrary.org/obo/ENVO_00000495,0.9965337514877319,http://purl.obolibrary.org/obo/ENVO_01001318,0.9965278506278992,http://purl.obolibrary.org/obo/ENVO_01001326,0.9964579939842224,http://purl.obolibrary.org/obo/ENVO_01001327,0.9963213205337524
http://sweetontology.net/propChemical/Composition,label: Composition; parents: sub class of chemical property,exact,1,http://purl.obolibrary.org/obo/PATO_0000025,1.0,0,,,,,,,,,,,,,,,,,,,,,,,,,,,,,,,,,,,,,,,,
http://sweetontology.net/reprSpaceGeometry/Trough,label: Trough; parents: sub class of geometrical object,exact,2,http://purl.obolibrary.org/obo/ENVO_00000499,1.0,0,,,,,,,,,,,,,,,,,,,,,,,,,,,,,,,,,,,,,,,,
http://sweetontology.net/realmAstroStar/Photosphere,label: Photosphere; parents: sub class of stellar atmosphere,exact,2,http://purl.obolibrary.org/obo/ENVO_01000821,1.0,0,,,,,,,,,,,,,,,,,,,,,,,,,,,,,,,,,,,,,,,,
http://sweetontology.net/realmGeolConstituent/Dropstone,label: Dropstone; parents: sub class of structural configuration,exact,1,http://purl.obolibrary.org/obo/ENVO_01000136,1.0,0,,,,,,,,,,,,,,,,,,,,,,,,,,,,,,,,,,,,,,,,
http://sweetontology.net/stateRoleBiological/Habitat,label: Habitat; parents: sub class of biological role,exact,1,http://purl.obolibrary.org/obo/ENVO_01000739,1.0,0,,,,,,,,,,,,,,,,,,,,,,,,,,,,,,,,,,,,,,,,
http://sweetontology.net/phenEnvirImpact/OilSpill,label: OilSpill; parents: sub class of spill,hybrid,85,http://purl.obolibrary.org/obo/ENVO_01000003,0.947597086429596,85,http://purl.obolibrary.org/obo/ENVO_01000003,0.947597086429596,http://purl.obolibrary.org/obo/ENVO_00000064,0.027456827461719513,http://purl.obolibrary.org/obo/ENVO_00000029,0.020714763551950455,http://purl.obolibrary.org/obo/ENVO_00000031,0.017521603032946587,http://purl.obolibrary.org/obo/ENVO_00000104,0.015134282410144806,http://purl.obolibrary.org/obo/ENVO_00000100,0.01502587366849184,http://purl.obolibrary.org/obo/ENVO_00003903,0.014617394655942917,http://purl.obolibrary.org/obo/ENVO_00002983,0.008727453649044037,http://purl.obolibrary.org/obo/ENVO_00000129,0.007743150927126408,http://purl.obolibrary.org/obo/ENVO_00000496,0.006062827073037624,http://purl.obolibrary.org/obo/ENVO_00003976,0.005297839641571045,http://purl.obolibrary.org/obo/ENVO_02500033,0.00528008583933115,http://purl.obolibrary.org/obo/ENVO_00003975,0.005205126479268074,http://purl.obolibrary.org/obo/ENVO_0010146,0.005142101086676121,http://purl.obolibrary.org/obo/ENVO_08000001,0.005125104915350676,http://purl.obolibrary.org/obo/ENVO_02000052,0.004974012263119221,http://purl.obolibrary.org/obo/ENVO_01000002,0.004934472031891346,http://purl.obolibrary.org/obo/ENVO_00005739,0.004914937075227499,http://purl.obolibrary.org/obo/ENVO_00005794,0.0049137151800096035,http://purl.obolibrary.org/obo/ENVO_00002118,0.0049135261215269566
http://sweetontology.net/realmLandVolcanic/CompositeVolcano,label: CompositeVolcano; parents: sub class of volcano; equivalent to: equivalent to compound volcano,hybrid,110,http://purl.obolibrary.org/obo/ENVO_00000404,0.9973746538162231,100,http://purl.obolibrary.org/obo/ENVO_00000404,0.9973746538162231,http://purl.obolibrary.org/obo/ENVO_00000247,0.8757991790771484,http://purl.obolibrary.org/obo/ENVO_00000371,0.03467315807938576,http://purl.obolibrary.org/obo/ENVO_00000481,0.030953172594308853,http://purl.obolibrary.org/obo/ENVO_00000407,0.02913113497197628,http://purl.obolibrary.org/obo/ENVO_00000031,0.024810364469885826,http://purl.obolibrary.org/obo/ENVO_01001484,0.023871630430221558,http://purl.obolibrary.org/obo/ENVO_00000403,0.023416221141815186,http://purl.obolibrary.org/obo/ENVO_00000067,0.02322428673505783,http://purl.obolibrary.org/obo/ENVO_01000527,0.02271677739918232,http://purl.obolibrary.org/obo/ENVO_01000750,0.02198071964085102,http://purl.obolibrary.org/obo/ENVO_01000615,0.020074982196092606,http://purl.obolibrary.org/obo/ENVO_00002872,0.01947683095932007,http://purl.obolibrary.org/obo/ENVO_01001482,0.019466079771518707,http://purl.obolibrary.org/obo/ENVO_01000534,0.019047090783715248,http://purl.obolibrary.org/obo/ENVO_00000264,0.017726507037878036,http://purl.obolibrary.org/obo/ENVO_00000007,0.017344234511256218,http://purl.obolibrary.org/obo/ENVO_01001486,0.016820719465613365,http://purl.obolibrary.org/obo/ENVO_00000413,0.0144753223285079,http://purl.obolibrary.org/obo/ENVO_00000372,0.013812878169119358
http://sweetontology.net/stateSpaceConfiguration/Side,label: Side; parents: sub class of configuration | sub class of spatial configuration,exact,1,http://purl.obolibrary.org/obo/ENVO_00002000,1.0,0,,,,,,,,,,,,,,,,,,,,,,,,,,,,,,,,,,,,,,,,
http://sweetontology.net/matrEnergy/PowerPlant,label: PowerPlant; parents: sub class of energy conversion device,hybrid,87,http://purl.obolibrary.org/obo/ENVO_00002214,0.9978274703025818,87,http://purl.obolibrary.org/obo/ENVO_00002214,0.9978274703025818,http://purl.obolibrary.org/obo/ENVO_00002271,0.018957501277327538,http://purl.obolibrary.org/obo/ENVO_00002215,0.008897942490875721,http://purl.obolibrary.org/obo/ENVO_2000037,0.00754235265776515,http://purl.obolibrary.org/obo/ENVO_2000042,0.0074809882789850235,http://purl.obolibrary.org/obo/ENVO_2000041,0.006383180618286133,http://purl.obolibrary.org/obo/ENVO_01000865,0.00629758182913065,http://purl.obolibrary.org/obo/ENVO_2000038,0.005966976750642061,http://purl.obolibrary.org/obo/ENVO_2000039,0.005808564834296703,http://purl.obolibrary.org/obo/ENVO_2000043,0.005685888696461916,http://purl.obolibrary.org/obo/ENVO_01001001,0.005679696332663298,http://purl.obolibrary.org/obo/ENVO_00002272,0.005674934480339289,http://purl.obolibrary.org/obo/ENVO_2000040,0.005448052193969488,http://purl.obolibrary.org/obo/ENVO_00002983,0.004954199306666851,http://purl.obolibrary.org/obo/ENVO_00002174,0.004949697759002447,http://purl.obolibrary.org/obo/ENVO_00003037,0.004932075273245573,http://purl.obolibrary.org/obo/ENVO_0010169,0.0049282945692539215,http://purl.obolibrary.org/obo/ENVO_0010170,0.004924199543893337,http://purl.obolibrary.org/obo/ENVO_00003904,0.004903087858110666,http://purl.obolibrary.org/obo/ENVO_0010052,0.004903050605207682
http://sweetontology.net/realmBiolBiome/Woodland,label: Woodland; parents: sub class of forest,exact,2,http://purl.obolibrary.org/obo/ENVO_00000057,1.0,0,,,,,,,,,,,,,,,,,,,,,,,,,,,,,,,,,,,,,,,,
http://sweetontology.net/matrWater/CloudDrop,label: CloudDrop; parents: sub class of drop,hybrid,110,http://purl.obolibrary.org/obo/ENVO_01000760,0.9977715611457825,100,http://purl.obolibrary.org/obo/ENVO_01000760,0.9977715611457825,http://purl.obolibrary.org/obo/ENVO_01000835,0.9974603652954102,http://purl.obolibrary.org/obo/ENVO_01000836,0.9935851693153381,http://purl.obolibrary.org/obo/ENVO_01000912,0.9932217597961426,http://purl.obolibrary.org/obo/ENVO_01001083,0.9889475107192993,http://purl.obolibrary.org/obo/ENVO_01000913,0.9829590320587158,http://purl.obolibrary.org/obo/ENVO_01001457,0.9485490322113037,http://purl.obolibrary.org/obo/ENVO_01000899,0.3936766982078552,http://purl.obolibrary.org/obo/ENVO_01001428,0.22061675786972046,http://purl.obolibrary.org/obo/ENVO_01000901,0.04604499414563179,http://purl.obolibrary.org/obo/ENVO_01000761,0.02636241912841797,http://purl.obolibrary.org/obo/ENVO_01000834,0.023109855130314827,http://purl.obolibrary.org/obo/ENVO_01000832,0.014612428843975067,http://purl.obolibrary.org/obo/ENVO_01000837,0.01002027653157711,http://purl.obolibrary.org/obo/ENVO_01001413,0.009932474233210087,http://purl.obolibrary.org/obo/ENVO_01001410,0.009686578065156937,http://purl.obolibrary.org/obo/ENVO_01001409,0.009536365047097206,http://purl.obolibrary.org/obo/ENVO_01001160,0.009455947205424309,http://purl.obolibrary.org/obo/ENVO_01001407,0.008633151650428772,http://purl.obolibrary.org/obo/ENVO_01001411,0.008558067493140697
http://sweetontology.net/matrWater/Ice,label: Ice; parents: sub class of water substance,exact,4,http://purl.obolibrary.org/obo/ENVO_00000131,1.0,0,,,,,,,,,,,,,,,,,,,,,,,,,,,,,,,,,,,,,,,,
http://sweetontology.net/reprSpaceGeometry3D/Layer,label: Layer; parents: sub class of geometrical object 3 d,exact,1,http://purl.obolibrary.org/obo/ENVO_01000281,1.0,0,,,,,,,,,,,,,,,,,,,,,,,,,,,,,,,,,,,,,,,,
http://sweetontology.net/realmLandOrographic/Butte,label: Butte; parents: sub class of hill,exact,2,http://purl.obolibrary.org/obo/ENVO_00000179,1.0,0,,,,,,,,,,,,,,,,,,,,,,,,,,,,,,,,,,,,,,,,
http://sweetontology.net/matrWater/SaltWater,"label: SaltWater; parents: sub class of water substance; disjoint with: disjoint with AllDisjoint([matrWater.FreshWater, matrWater.SaltWater])",hybrid,104,http://purl.obolibrary.org/obo/ENVO_01001038,0.9979093670845032,100,http://purl.obolibrary.org/obo/ENVO_01001038,0.9979093670845032,http://purl.obolibrary.org/obo/ENVO_01001039,0.9979038238525391,http://purl.obolibrary.org/obo/ENVO_01001037,0.9978759288787842,http://purl.obolibrary.org/obo/ENVO_00002010,0.9978208541870117,http://purl.obolibrary.org/obo/ENVO_00000279,0.9977879524230957,http://purl.obolibrary.org/obo/ENVO_00000226,0.9977511763572693,http://purl.obolibrary.org/obo/ENVO_00000055,0.9975467324256897,http://purl.obolibrary.org/obo/ENVO_00002011,0.997467041015625,http://purl.obolibrary.org/obo/ENVO_01000450,0.9974349141120911,http://purl.obolibrary.org/obo/ENVO_00000502,0.9973676800727844,http://purl.obolibrary.org/obo/ENVO_00002197,0.9967936873435974,http://purl.obolibrary.org/obo/ENVO_00002227,0.9967531561851501,http://purl.obolibrary.org/obo/ENVO_00000153,0.9962215423583984,http://purl.obolibrary.org/obo/ENVO_01001267,0.9948607087135315,http://purl.obolibrary.org/obo/ENVO_01000681,0.994676947593689,http://purl.obolibrary.org/obo/ENVO_00000063,0.9945307374000549,http://purl.obolibrary.org/obo/ENVO_00000472,0.9923074245452881,http://purl.obolibrary.org/obo/ENVO_00000532,0.992237389087677,http://purl.obolibrary.org/obo/ENVO_00005775,0.9905725121498108,http://purl.obolibrary.org/obo/ENVO_00000072,0.9904447197914124
http://sweetontology.net/realmAstroBody/Planet,label: Planet; parents: sub class of astronomical body,exact,1,http://purl.obolibrary.org/obo/ENVO_01000800,1.0,0,,,,,,,,,,,,,,,,,,,,,,,,,,,,,,,,,,,,,,,,
http://sweetontology.net/matrBiomass/Wood,label: Wood; parents: sub class of biomass,exact,5,http://purl.obolibrary.org/obo/ENVO_00000109,1.0,0,,,,,,,,,,,,,,,,,,,,,,,,,,,,,,,,,,,,,,,,
http://sweetontology.net/matrSediment/DebrisFlow,label: DebrisFlow; parents: sub class of mixed chemical substance | sub class of mixture,hybrid,76,http://purl.obolibrary.org/obo/ENVO_01000697,0.9975652694702148,76,http://purl.obolibrary.org/obo/ENVO_01000697,0.9975652694702148,http://purl.obolibrary.org/obo/ENVO_01000698,0.99136883020401,http://purl.obolibrary.org/obo/ENVO_00002206,0.005651305895298719,http://purl.obolibrary.org/obo/ENVO_01000720,0.005047396291047335,http://purl.obolibrary.org/obo/CHEBI_18230,0.005030850414186716,http://purl.obolibrary.org/obo/ENVO_00002226,0.0049905902706086636,http://purl.obolibrary.org/obo/ENVO_01000693,0.004976222291588783,http://purl.obolibrary.org/obo/CHEBI_28838,0.0049711293540894985,http://purl.obolibrary.org/obo/CHEBI_9171,0.00496050575748086,http://purl.obolibrary.org/obo/ENVO_00000534,0.00495358370244503,http://purl.obolibrary.org/obo/ENVO_00003896,0.004947584588080645,http://purl.obolibrary.org/obo/ENVO_01000003,0.004932690411806107,http://purl.obolibrary.org/obo/ENVO_01000002,0.004926957190036774,http://purl.obolibrary.org/obo/ENVO_00002153,0.004922071006149054,http://purl.obolibrary.org/obo/ENVO_01000085,0.004921651445329189,http://purl.obolibrary.org/obo/CHEBI_27888,0.0049182516522705555,http://purl.obolibrary.org/obo/ENVO_01000695,0.004903600085526705,http://purl.obolibrary.org/obo/ENVO_00002260,0.004900835920125246,http://purl.obolibrary.org/obo/ENVO_00002171,0.0048996759578585625,http://purl.obolibrary.org/obo/ENVO_00005799,0.004898855462670326
http://sweetontology.net/phenEnvirImpact/CoralBleaching,label: CoralBleaching; parents: sub class of ocean environmental impact,hybrid,83,http://purl.obolibrary.org/obo/ENVO_01000852,0.9979572296142578,83,http://purl.obolibrary.org/obo/ENVO_01000852,0.9979572296142578,http://purl.obolibrary.org/obo/ENVO_00000166,0.9979336261749268,http://purl.obolibrary.org/obo/ENVO_00000150,0.9978906512260437,http://purl.obolibrary.org/obo/ENVO_01000049,0.997389018535614,http://purl.obolibrary.org/obo/ENVO_00000481,0.9970422387123108,http://purl.obolibrary.org/obo/ENVO_00000898,0.08109083026647568,http://purl.obolibrary.org/obo/ENVO_01000146,0.019611308351159096,http://purl.obolibrary.org/obo/ENVO_01000145,0.01731875166296959,http://purl.obolibrary.org/obo/ENVO_01000144,0.015711965039372444,http://purl.obolibrary.org/obo/ENVO_01000147,0.015624605119228363,http://purl.obolibrary.org/obo/ENVO_01000149,0.014370451681315899,http://purl.obolibrary.org/obo/ENVO_01000148,0.013677173294126987,http://purl.obolibrary.org/obo/ENVO_01001566,0.012495476752519608,http://purl.obolibrary.org/obo/ENVO_01000854,0.010898487642407417,http://purl.obolibrary.org/obo/ENVO_01000097,0.005254198797047138,http://purl.obolibrary.org/obo/ENVO_01000088,0.005171968601644039,http://purl.obolibrary.org/obo/ENVO_01000084,0.005147560965269804,http://purl.obolibrary.org/obo/ENVO_01000693,0.0051404498517513275,http://purl.obolibrary.org/obo/ENVO_01000086,0.005134493112564087,http://purl.obolibrary.org/obo/ENVO_00000885,0.005133343860507011
http://sweetontology.net/matrAerosol/Dust,label: Dust; parents: sub class of solid substance,exact,1,http://purl.obolibrary.org/obo/ENVO_00002008,1.0,0,,,,,,,,,,,,,,,,,,,,,,,,,,,,,,,,,,,,,,,,
http://sweetontology.net/reprDataServiceAnalysis/Train,label: Train; parents: sub class of parameterize | sub class of parameterization; equivalent to: equivalent to training,exact,1,http://purl.obolibrary.org/obo/PCO_1001178,1.0,0,,,,,,,,,,,,,,,,,,,,,,,,,,,,,,,,,,,,,,,,
http://sweetontology.net/realmGeol/Laccolith,label: Laccolith; parents: sub class of plutonic structure,exact,1,http://purl.obolibrary.org/obo/ENVO_01000734,1.0,0,,,,,,,,,,,,,,,,,,,,,,,,,,,,,,,,,,,,,,,,
http://sweetontology.net/realmLandCoastal/Bar,label: Bar; parents: sub class of delta | sub class of spit; equivalent to: equivalent to delta bar,exact,3,http://purl.obolibrary.org/obo/ENVO_00000167,1.0,0,,,,,,,,,,,,,,,,,,,,,,,,,,,,,,,,,,,,,,,,
http://sweetontology.net/reprSpaceCoordinate/Pole,label: Pole; parents: sub class of bearing | sub class of direction | sub class of inclination,exact,1,http://purl.obolibrary.org/obo/ENVO_01000498,1.0,0,,,,,,,,,,,,,,,,,,,,,,,,,,,,,,,,,,,,,,,,
http://sweetontology.net/procChemical/Fluorescence,label: Fluorescence; parents: sub class of luminescence,exact,1,http://purl.obolibrary.org/obo/PATO_0000018,1.0,0,,,,,,,,,,,,,,,,,,,,,,,,,,,,,,,,,,,,,,,,
http://sweetontology.net/procPhysical/Radiation,label: Radiation; parents: sub class of radiative transfer,exact,1,http://purl.obolibrary.org/obo/ENVO_01001023,1.0,0,,,,,,,,,,,,,,,,,,,,,,,,,,,,,,,,,,,,,,,,
http://sweetontology.net/realmBiolBiome/Grassland,label: Grassland; parents: sub class of terrestrial ecosystem,exact,6,http://purl.obolibrary.org/obo/ENVO_00000114,1.0,0,,,,,,,,,,,,,,,,,,,,,,,,,,,,,,,,,,,,,,,,
http://sweetontology.net/realmLandGlacial/GlacialMoraine,label: GlacialMoraine; parents: sub class of glacial plain; equivalent to: equivalent to moraine,hybrid,106,http://purl.obolibrary.org/obo/ENVO_00000133,0.9979932308197021,100,http://purl.obolibrary.org/obo/ENVO_00000133,0.9979932308197021,http://purl.obolibrary.org/obo/ENVO_00000177,0.9979836940765381,http://purl.obolibrary.org/obo/ENVO_03000030,0.9979830980300903,http://purl.obolibrary.org/obo/ENVO_01001503,0.9979807734489441,http://purl.obolibrary.org/obo/ENVO_01001504,0.9979591369628906,http://purl.obolibrary.org/obo/ENVO_00000248,0.9979541301727295,http://purl.obolibrary.org/obo/ENVO_03000012,0.9979502558708191,http://purl.obolibrary.org/obo/ENVO_00000132,0.9979390501976013,http://purl.obolibrary.org/obo/ENVO_03000037,0.9979323148727417,http://purl.obolibrary.org/obo/ENVO_01000682,0.9979154467582703,http://purl.obolibrary.org/obo/ENVO_01001347,0.9979150891304016,http://purl.obolibrary.org/obo/ENVO_01000683,0.9979128241539001,http://purl.obolibrary.org/obo/ENVO_00000100,0.9979088306427002,http://purl.obolibrary.org/obo/ENVO_00000252,0.9978947043418884,http://purl.obolibrary.org/obo/ENVO_01001352,0.9978488683700562,http://purl.obolibrary.org/obo/ENVO_01000684,0.9977838397026062,http://purl.obolibrary.org/obo/ENVO_00000131,0.9977779984474182,http://purl.obolibrary.org/obo/ENVO_00000249,0.9977231621742249,http://purl.obolibrary.org/obo/ENVO_00000392,0.9977166652679443,http://purl.obolibrary.org/obo/ENVO_03000017,0.9975799322128296
http://sweetontology.net/propEnergy/ChemicalEnergy,label: ChemicalEnergy; parents: sub class of chemical property | sub class of energy,hybrid,79,http://purl.obolibrary.org/obo/ENVO_2000023,0.9940199851989746,79,http://purl.obolibrary.org/obo/ENVO_2000023,0.9940199851989746,http://purl.obolibrary.org/obo/ENVO_01000529,0.07389126718044281,http://purl.obolibrary.org/obo/CHEBI_25555,0.014361720532178879,http://purl.obolibrary.org/obo/CHEBI_27594,0.013912430964410305,http://purl.obolibrary.org/obo/NCBITaxon_1,0.010454672388732433,http://purl.obolibrary.org/obo/ENVO_01000725,0.009335820563137531,http://purl.obolibrary.org/obo/ENVO_2000000,0.009063945151865482,http://purl.obolibrary.org/obo/NCBITaxon_131567,0.00846999604254961,http://purl.obolibrary.org/obo/CHEBI_16236,0.005568969063460827,http://purl.obolibrary.org/obo/CHEBI_27798,0.005382552742958069,http://purl.obolibrary.org/obo/CHEBI_17996,0.005366005934774876,http://purl.obolibrary.org/obo/ENVO_00002118,0.005341760814189911,http://purl.obolibrary.org/obo/CHEBI_23042,0.005331380758434534,http://purl.obolibrary.org/obo/ENVO_00002226,0.0053165811114013195,http://purl.obolibrary.org/obo/CHEBI_28838,0.005312028806656599,http://purl.obolibrary.org/obo/CHEBI_18230,0.0053032455034554005,http://purl.obolibrary.org/obo/ENVO_00000519,0.005286564584821463,http://purl.obolibrary.org/obo/ENVO_00000534,0.005273523274809122,http://purl.obolibrary.org/obo/ENVO_00012411,0.005254792049527168,http://purl.obolibrary.org/obo/CHEBI_30033,0.005251084454357624
http://sweetontology.net/realmLandCoastal/IntertidalZone,label: IntertidalZone; parents: sub class of coastal | sub class of coastal region; equivalent to: equivalent to littoral | equivalent to littoral zone | equivalent to tide pool,exact,2,http://purl.obolibrary.org/obo/ENVO_00000316,1.0,0,,,,,,,,,,,,,,,,,,,,,,,,,,,,,,,,,,,,,,,,
http://sweetontology.net/phenAtmoLightning/Lightning,label: Lightning; parents: sub class of meteorological phenomena,exact,2,http://purl.obolibrary.org/obo/ENVO_01000898,1.0,0,,,,,,,,,,,,,,,,,,,,,,,,,,,,,,,,,,,,,,,,
http://sweetontology.net/realmOcean/BathypelagicZone,label: BathypelagicZone; parents: sub class of water body layer,hybrid,92,http://purl.obolibrary.org/obo/ENVO_01000991,0.9979065656661987,92,http://purl.obolibrary.org/obo/ENVO_01000991,0.9979065656661987,http://purl.obolibrary.org/obo/ENVO_00000211,0.9977352619171143,http://purl.obolibrary.org/obo/ENVO_01000422,0.9977134466171265,http://purl.obolibrary.org/obo/ENVO_01000521,0.9974823594093323,http://purl.obolibrary.org/obo/ENVO_01000037,0.9973938465118408,http://purl.obolibrary.org/obo/ENVO_01000425,0.9951840043067932,http://purl.obolibrary.org/obo/ENVO_01000965,0.9951478838920593,http://purl.obolibrary.org/obo/ENVO_01000026,0.9950637221336365,http://purl.obolibrary.org/obo/ENVO_01001387,0.975068986415863,http://purl.obolibrary.org/obo/ENVO_01001385,0.664100706577301,http://purl.obolibrary.org/obo/ENVO_01001393,0.1653115302324295,http://purl.obolibrary.org/obo/ENVO_01001390,0.07516665011644363,http://purl.obolibrary.org/obo/ENVO_00000209,0.04902416095137596,http://purl.obolibrary.org/obo/ENVO_01000788,0.024912802502512932,http://purl.obolibrary.org/obo/ENVO_00000330,0.015475601889193058,http://purl.obolibrary.org/obo/ENVO_01001363,0.009835594333708286,http://purl.obolibrary.org/obo/ENVO_00000121,0.008039462380111217,http://purl.obolibrary.org/obo/ENVO_00000089,0.00786556489765644,http://purl.obolibrary.org/obo/ENVO_00002255,0.006493503227829933,http://purl.obolibrary.org/obo/ENVO_00000396,0.005303091835230589
http://sweetontology.net/phenHydro/Intrusion,label: Intrusion; parents: sub class of land water circulation,exact,1,http://purl.obolibrary.org/obo/ENVO_01001490,1.0,0,,,,,,,,,,,,,,,,,,,,,,,,,,,,,,,,,,,,,,,,
http://sweetontology.net/matrEquipment/Sink,label: Sink; parents: sub class of equipment,exact,2,http://purl.obolibrary.org/obo/ENVO_00000195,1.0,0,,,,,,,,,,,,,,,,,,,,,,,,,,,,,,,,,,,,,,,,
http://sweetontology.net/matrEnergy/Ethanol,label: Ethanol; parents: sub class of biofuel,exact,1,http://purl.obolibrary.org/obo/CHEBI_16236,1.0,0,,,,,,,,,,,,,,,,,,,,,,,,,,,,,,,,,,,,,,,,
http://sweetontology.net/realmAtmoBoundaryLayer/PlanetaryBoundaryLayer,label: PlanetaryBoundaryLayer; parents: sub class of atmosphere layer,hybrid,101,http://purl.obolibrary.org/obo/ENVO_01000802,0.9978470802307129,100,http://purl.obolibrary.org/obo/ENVO_01000802,0.9978470802307129,http://purl.obolibrary.org/obo/ENVO_01001193,0.9978297352790833,http://purl.obolibrary.org/obo/ENVO_01000640,0.9977917671203613,http://purl.obolibrary.org/obo/ENVO_01001149,0.9977537989616394,http://purl.obolibrary.org/obo/ENVO_01000636,0.9977521300315857,http://purl.obolibrary.org/obo/ENVO_01000638,0.9977102279663086,http://purl.obolibrary.org/obo/ENVO_01000323,0.9977060556411743,http://purl.obolibrary.org/obo/ENVO_01000822,0.9977045655250549,http://purl.obolibrary.org/obo/ENVO_01000641,0.9976539015769958,http://purl.obolibrary.org/obo/ENVO_02500028,0.9975476861000061,http://purl.obolibrary.org/obo/ENVO_01000795,0.9974672794342041,http://purl.obolibrary.org/obo/ENVO_01000324,0.9974199533462524,http://purl.obolibrary.org/obo/ENVO_01000941,0.9973721504211426,http://purl.obolibrary.org/obo/ENVO_01000639,0.9968438148498535,http://purl.obolibrary.org/obo/ENVO_01000810,0.9967293739318848,http://purl.obolibrary.org/obo/ENVO_01001046,0.9960795044898987,http://purl.obolibrary.org/obo/ENVO_01000837,0.9886681437492371,http://purl.obolibrary.org/obo/ENVO_01000994,0.9880000948905945,http://purl.obolibrary.org/obo/ENVO_01000645,0.9492282271385193,http://purl.obolibrary.org/obo/ENVO_01000644,0.9208109378814697
http://sweetontology.net/matrAerosol/Aerosol,label: Aerosol; parents: sub class of suspended substance,exact,1,http://purl.obolibrary.org/obo/ENVO_00010505,1.0,0,,,,,,,,,,,,,,,,,,,,,,,,,,,,,,,,,,,,,,,,
